{"text": " Telegram's not working, you've got to figure that out. All the info should be there, I don't know why it's not working.", "segments": [{"id": 0, "seek": 0, "start": 0.0, "end": 3.0, "text": " Telegram's not working, you've got to figure that out.", "tokens": [50364, 14889, 1342, 311, 406, 1364, 11, 291, 600, 658, 281, 2573, 300, 484, 13, 50514], "temperature": 0.0, "avg_logprob": -0.24234292242262098, "compression_ratio": 1.2142857142857142, "no_speech_prob": 0.010807277634739876}, {"id": 1, "seek": 0, "start": 3.0, "end": 6.0, "text": " All the info should be there, I don't know why it's not working.", "tokens": [50514, 1057, 264, 13614, 820, 312, 456, 11, 286, 500, 380, 458, 983, 309, 311, 406, 1364, 13, 50664], "temperature": 0.0, "avg_logprob": -0.24234292242262098, "compression_ratio": 1.2142857142857142, "no_speech_prob": 0.010807277634739876}], "language": "en"}