{"text": " Okay, it's working now. Let's get on to the next task for cash or whatever. For the last two projects we tried to do with subagents. Let's get the subagents going. Let's get some stuff going.", "segments": [{"id": 0, "seek": 0, "start": 0.0, "end": 4.88, "text": " Okay, it's working now. Let's get on to the next task for cash or whatever.", "tokens": [50364, 1033, 11, 309, 311, 1364, 586, 13, 961, 311, 483, 322, 281, 264, 958, 5633, 337, 6388, 420, 2035, 13, 50608], "temperature": 0.0, "avg_logprob": -0.20882307314405255, "compression_ratio": 1.3739837398373984, "no_speech_prob": 0.004339256789535284}, {"id": 1, "seek": 0, "start": 5.76, "end": 11.200000000000001, "text": " For the last two projects we tried to do with subagents. Let's get the subagents going. Let's", "tokens": [50652, 1171, 264, 1036, 732, 4455, 321, 3031, 281, 360, 365, 1422, 559, 791, 13, 961, 311, 483, 264, 1422, 559, 791, 516, 13, 961, 311, 50924], "temperature": 0.0, "avg_logprob": -0.20882307314405255, "compression_ratio": 1.3739837398373984, "no_speech_prob": 0.004339256789535284}, {"id": 2, "seek": 1120, "start": 11.2, "end": 13.2, "text": " get some stuff going.", "tokens": [50364, 483, 512, 1507, 516, 13, 50464], "temperature": 0.0, "avg_logprob": -0.632504403591156, "compression_ratio": 0.7241379310344828, "no_speech_prob": 0.19099777936935425}], "language": "en"}