{"text": " Can you please reply with an audio message to confirm that you got this?", "segments": [{"id": 0, "seek": 0, "start": 0.0, "end": 4.0, "text": " Can you please reply with an audio message to confirm that you got this?", "tokens": [50364, 1664, 291, 1767, 16972, 365, 364, 6278, 3636, 281, 9064, 300, 291, 658, 341, 30, 50564], "temperature": 0.0, "avg_logprob": -0.17606030570136177, "compression_ratio": 1.0, "no_speech_prob": 0.02774210460484028}], "language": "en"}